{"cameraMode":{"drawMode":0,"name":"Shaded","section":"Shading Mode"},"sceneLighting":true,"audioPlay":false,"sceneViewState":{"m_AlwaysRefresh":false,"showFog":true,"showSkybox":true,"showFlares":true,"showImageEffects":true,"showParticleSystems":true,"showVisualEffectGraphs":true,"m_FxEnabled":true},"in2DMode":false,"pivot":{"x":31.85723114013672,"y":-23.098983764648439,"z":328.5651550292969},"rotation":{"x":-0.16977031528949738,"y":-0.14546501636505128,"z":0.025332314893603326,"w":-0.9743793606758118},"size":271.2413635253906,"orthographic":false}