{"cameraMode":{"drawMode":0,"name":"Shaded","section":"Shading Mode"},"sceneLighting":true,"audioPlay":false,"sceneViewState":{"m_AlwaysRefresh":false,"showFog":true,"showSkybox":true,"showFlares":true,"showImageEffects":true,"showParticleSystems":true,"showVisualEffectGraphs":true,"m_FxEnabled":true},"in2DMode":false,"pivot":{"x":-11.242107391357422,"y":-0.0880584716796875,"z":10.130256652832032},"rotation":{"x":-0.16223207116127015,"y":0.8013015985488892,"z":-0.2507804036140442,"w":-0.5183690786361694},"size":41.376338958740237,"orthographic":false}