{"cameraMode":{"drawMode":0,"name":"Shaded","section":"Shading Mode"},"sceneLighting":true,"audioPlay":false,"sceneViewState":{"m_AlwaysRefresh":false,"showFog":true,"showSkybox":true,"showFlares":true,"showImageEffects":true,"showParticleSystems":true,"showVisualEffectGraphs":true,"m_FxEnabled":true},"in2DMode":false,"pivot":{"x":161.35650634765626,"y":-143.60841369628907,"z":11.292776107788086},"rotation":{"x":-0.20695239305496217,"y":-0.6642101407051086,"z":0.19917698204517365,"w":-0.6902751326560974},"size":197.87615966796876,"orthographic":false}