{"cameraMode":{"drawMode":0,"name":"Shaded","section":"Shading Mode"},"sceneLighting":true,"audioPlay":false,"sceneViewState":{"m_AlwaysRefresh":false,"showFog":true,"showSkybox":true,"showFlares":true,"showImageEffects":true,"showParticleSystems":true,"showVisualEffectGraphs":true,"m_FxEnabled":true},"in2DMode":false,"pivot":{"x":702.641845703125,"y":345.3409729003906,"z":-262.4234619140625},"rotation":{"x":-0.02881314605474472,"y":-0.0003946114156860858,"z":0.0005472445045597851,"w":-0.9998342394828796},"size":151.57371520996095,"orthographic":false}